{"CookieSPAEnabled":false,"CookieSameSiteNoneEnabled":false,"CookieV2CSPEnabled":false,"MultiVariantTestingEnabled":false,"UseV2":true,"MobileSDK":false,"SkipGeolocation":true,"ScriptType":"PRODUCTION","Version":"202306.2.0","OptanonDataJSON":"c454e9bc-54e6-4c6c-acda-a31a00c2fc4b","GeolocationUrl":"https://geolocation.onetrust.com/cookieconsentpub/v1/geo/location","BulkDomainCheckUrl":"https://cookies-data.onetrust.io/bannersdk/v1/domaingroupcheck","RuleSet":[{"Id":"018f7cdc-ef4d-774c-b6f5-1df6ac6797eb","Name":"Global","Countries":["pr","ps","pw","py","qa","ad","ae","af","ag","ai","al","am","ao","aq","ar","as","au","aw","az","ba","bb","rs","bd","ru","bf","rw","bh","bi","bj","bl","bm","bn","bo","sa","sb","bq","sc","br","bs","sd","bt","bv","sg","sh","bw","by","sj","bz","sl","sn","so","ca","sr","ss","cc","cd","st","sv","cf","cg","sx","ch","ci","sy","sz","ck","cl","cm","cn","co","cr","tc","td","cu","tf","tg","cv","th","cw","cx","tj","tk","tl","tm","tn","to","tr","tt","tv","tw","tz","dj","dm","do","ua","ug","dz","um","us","ec","eg","eh","uy","uz","va","vc","er","ve","et","vg","vi","vn","vu","fj","fk","fm","fo","wf","ga","gb","ws","gd","ge","gg","gh","gi","gl","gm","gn","gq","gs","gt","gu","gw","gy","xk","hk","hm","hn","ye","ht","id","il","im","in","io","za","iq","ir","zm","je","zw","jm","jo","jp","ke","kg","kh","ki","km","kn","kp","kr","kw","ky","kz","la","lb","lc","lk","lr","ls","ly","ma","md","me","mg","mh","mk","ml","mm","mn","mo","mp","mr","ms","mu","mv","mw","mx","my","mz","na","nc","ne","nf","ng","ni","np","nr","nu","nz","om","pa","pe","pf","pg","ph","pk","pm","pn"],"States":{},"LanguageSwitcherPlaceholder":{"default":"en"},"BannerPushesDown":false,"Default":true,"Global":true,"Type":"GENERIC","UseGoogleVendors":false,"VariantEnabled":false,"TestEndTime":null,"Variants":[],"TemplateName":"Wellow UI Update","Conditions":[],"GCEnable":false,"IsGPPEnabled":false,"EnableJWTAuthForKnownUsers":false}],"IabData":{"cookieVersion":"1","createdTime":"2024-05-15T15:47:59.412354914","updatedTime":"2024-05-15T15:47:59.412361234","cmpId":"28","cmpVersion":"1","consentScreen":"1","consentLanguage":null,"vendorListVersion":0,"maxVendorId":0,"encodingType":"0","globalVendorListUrl":"https://cdn.cookielaw.org/vendorlist/iabData.json"},"IabV2Data":{"cookieVersion":"1","createdTime":"2024-05-15T15:47:59.617755820","updatedTime":"2024-05-15T15:47:59.617762260","cmpId":"28","cmpVersion":"1","consentScreen":"1","consentLanguage":null,"vendorListVersion":0,"maxVendorId":0,"encodingType":"0","globalVendorListUrl":"https://cdn.cookielaw.org/vendorlist/iab2Data.json"},"Iab2V2Data":{"cookieVersion":"1","createdTime":"2024-05-15T15:47:59.826413436","updatedTime":"2024-05-15T15:47:59.826420076","cmpId":"28","cmpVersion":"1","consentScreen":"1","consentLanguage":null,"vendorListVersion":0,"maxVendorId":0,"encodingType":"0","globalVendorListUrl":"https://cdn.cookielaw.org/vendorlist/iab2V2Data.json"},"GoogleData":{"vendorListVersion":1,"googleVendorListUrl":"https://cdn.cookielaw.org/vendorlist/googleData.json"},"ScriptDynamicLoadEnabled":false,"TenantFeatures":{"CookieV2BannerFocus":true,"CookieV2GPC":true,"CookieV2AssignTemplateRule":true,"CookieV2GeolocationJsonApi":true,"CookieV2GCMDMA":true,"CookieV2TCF21":true,"CookieV2RemoveSettingsIcon":true,"CookieV2BannerLogo":true,"CookieV2GeneralVendors":true,"CookieV2GPP":true},"IsSuppressBanner":false,"IsSuppressPC":false,"PublisherCC":"US","Domain":"wearwellow.com","TenantGuid":"03717c7f-4e9e-4343-a65b-75ec076d1a0e","EnvId":"app-prod","RemoteActionsEnabled":false,"GeoRuleGroupName":"Wellow Global","GATrackToggle":false,"GATrackAssignedCategory":"","WebFormIntegrationEnabled":false,"WebFormSrcUrl":"","WebFormWorkerUrl":"","GppData":{"cmpId":"28"},"AuthenticatedConsent":false}