{"DomainData":{"pclifeSpanYr":"Year","pclifeSpanYrs":"Years","pclifeSpanSecs":"A few seconds","pclifeSpanWk":"Week","pclifeSpanWks":"Weeks","pccontinueWithoutAcceptText":"Continue without Accepting","pccloseButtonType":"Icon","MainText":"Privacy Preference Center","MainInfoText":"When you visit any website, it may store or retrieve information on your browser, mostly in the form of cookies. This information might be about you, your preferences or your device and is mostly used to make the site work as you expect it to. The information does not usually directly identify you, but it can give you a more personalized web experience. Because we respect your right to privacy, you can choose not to allow some types of cookies. Click on the different category headings to find out more and change our default settings. However, blocking some types of cookies may impact your experience of the site and the services we are able to offer.","AboutText":"More information","AboutCookiesText":"Your Privacy","ConfirmText":"Allow All","AllowAllText":"Save Settings","CookiesUsedText":"Cookies used","CookiesDescText":"Description","AboutLink":"https://cookiepedia.co.uk/giving-consent-to-cookies","ActiveText":"Active","AlwaysActiveText":"Always Active","AlwaysInactiveText":"Always Inactive","PCShowAlwaysActiveToggle":true,"AlertNoticeText":"We use cookies and other technologies to personalize your experience, deliver ads, enable functionality, and to analyze site performance. This information may be shared with third parties. Learn more at our<a href=\"https://wearwellow.com/policies/privacy-policy\">Privacy Policy</a>. Manage your preferences with <a href=\"#\" id=\"onetrust-pc-btn-handler\" class=\"cookie-setting-link\">Cookie Settings</a>.","AlertCloseText":"Close","AlertMoreInfoText":"Cookies Settings","CookieSettingButtonText":"Cookies Settings","AlertAllowCookiesText":"I Accept","CloseShouldAcceptAllCookies":false,"LastReconsentDate":null,"BannerTitle":"We Value Your Privacy","ForceConsent":false,"BannerPushesDownPage":false,"InactiveText":"Inactive","CookiesText":"Cookies","CategoriesText":"Cookie Subgroup","IsLifespanEnabled":false,"LifespanText":"Lifespan","VendorLevelOptOut":false,"HasScriptArchive":false,"BannerPosition":"bottom","PreferenceCenterPosition":"default","PreferenceCenterConfirmText":"Confirm My Choices","VendorListText":"List of IAB Vendors","ThirdPartyCookieListText":"Cookies Details","PreferenceCenterManagePreferencesText":" Manage Consent Preferences","PreferenceCenterMoreInfoScreenReader":"Opens in a new Tab","CookieListTitle":"Cookie List","CookieListDescription":"A cookie is a small piece of data (text file) that a website – when visited by a user – asks your browser to store on your device in order to remember information about you, such as your language preference or login information. Those cookies are set by us and called first-party cookies. We also use third-party cookies – which are cookies from a domain different than the domain of the website you are visiting – for our advertising and marketing efforts. More specifically, we use cookies and other tracking technologies for the following purposes:","Groups":[{"ShowInPopup":true,"ShowInPopupNonIAB":true,"ShowSDKListLink":true,"Order":"1","OptanonGroupId":"C0005","Parent":"","ShowSubgroup":true,"ShowSubGroupDescription":true,"ShowSubgroupToggle":false,"GroupDescription":"These cookies are set by a range of social media services that we have added to the site to enable you to share our content with your friends and networks. They are capable of tracking your browser across other sites and building up a profile of your interests. This may impact the content and messages you see on other websites you visit. If you do not allow these cookies you may not be able to use or see these sharing tools.","GroupDescriptionOTT":"These cookies are set by a range of social media services that we have added to the site to enable you to share our content with your friends and networks. They are capable of tracking your browser across other sites and building up a profile of your interests. This may impact the content and messages you see on other websites you visit. If you do not allow these cookies you may not be able to use or see these sharing tools.","GroupNameMobile":"Social Media Cookies","GroupNameOTT":"Social Media Cookies","GroupName":"Social Media Cookies","IsIabPurpose":false,"GeneralVendorsIds":[],"FirstPartyCookies":[],"Hosts":[],"PurposeId":"08F45491-1A24-4D8B-AA3D-E3F695866091","CustomGroupId":"C0005","GroupId":"eb7b934c-e2ef-4f40-ad52-b16605887321","Status":"inactive","IsDntEnabled":false,"Type":"COOKIE","DescriptionLegal":"","IabIllustrations":[],"HasLegIntOptOut":false,"HasConsentOptOut":true,"IsGpcEnabled":false,"VendorServices":null,"TrackingTech":null},{"ShowInPopup":true,"ShowInPopupNonIAB":true,"ShowSDKListLink":true,"Order":"2","OptanonGroupId":"C0002","Parent":"","ShowSubgroup":true,"ShowSubGroupDescription":true,"ShowSubgroupToggle":false,"GroupDescription":"These cookies allow us to count visits and traffic sources so we can measure and improve the performance of our site. They help us to know which pages are the most and least popular and see how visitors move around the site. All information these cookies collect is aggregated and therefore anonymous. If you do not allow these cookies we will not know when you have visited our site, and will not be able to monitor its performance.","GroupDescriptionOTT":"These cookies allow us to count visits and traffic sources so we can measure and improve the performance of our site. They help us to know which pages are the most and least popular and see how visitors move around the site. All information these cookies collect is aggregated and therefore anonymous. If you do not allow these cookies we will not know when you have visited our site, and will not be able to monitor its performance.","GroupNameMobile":"Performance Cookies","GroupNameOTT":"Performance Cookies","GroupName":"Performance Cookies","IsIabPurpose":false,"GeneralVendorsIds":[],"FirstPartyCookies":[{"id":"935e285d-0731-4c58-9ac7-83d003730676","Name":"_shopify_s","Host":"wearwellow.com","IsSession":false,"Length":"0","description":"This cookie is associated with Shopify's analytics suite.\n","DurationType":1,"category":null,"isThirdParty":false},{"id":"3706b7d0-ce7e-4726-9148-c35fe3f77338","Name":"_ga","Host":"wearwellow.com","IsSession":false,"Length":"86","description":"This cookie name is associated with Google Universal Analytics - which is a significant update to Google's more commonly used analytics service. This cookie is used to distinguish unique users by assigning a randomly generated number as a client identifier. It is included in each page request in a site and used to calculate visitor, session and campaign data for the sites analytics reports.  By default it is set to expire after 2 years, although this is customisable by website owners.To generate statistical data on how the visitor uses the Service","DurationType":1,"category":null,"isThirdParty":false},{"id":"af8cb865-55c2-47a0-ac44-da3567f44930","Name":"_s","Host":"wearwellow.com","IsSession":false,"Length":"0","description":"This cookie is associated with Shopify's analytics suite.\n","DurationType":1,"category":null,"isThirdParty":false},{"id":"dfe2bd10-a8ed-4f3c-86b5-73591250a8f2","Name":"_ga_285995344","Host":"wearwellow.com","IsSession":false,"Length":"729","description":"To generate statistical data on how the visitor uses the Service","DurationType":1,"category":null,"isThirdParty":false},{"id":"260b7fd4-dbfa-4cf9-ba79-2ce2558cfac6","Name":"_shopify_y","Host":"wearwellow.com","IsSession":false,"Length":"364","description":"This cookie is associated with Shopify's analytics suite.\n","DurationType":1,"category":null,"isThirdParty":false},{"id":"1c02c6a8-b8b0-4700-81e9-2bd5619d9c6b","Name":"_y","Host":"wearwellow.com","IsSession":false,"Length":"364","description":"This cookie is associated with Shopify's analytics suite.\n","DurationType":1,"category":null,"isThirdParty":false}],"Hosts":[],"PurposeId":"258FEB3F-2445-4C4C-AB32-8D55E83C1F4F","CustomGroupId":"C0002","GroupId":"390e24f4-5af3-4fd1-aab7-575de7cb0041","Status":"inactive","IsDntEnabled":false,"Type":"COOKIE","DescriptionLegal":"","IabIllustrations":[],"HasLegIntOptOut":false,"HasConsentOptOut":true,"IsGpcEnabled":false,"VendorServices":null,"TrackingTech":null},{"ShowInPopup":true,"ShowInPopupNonIAB":true,"ShowSDKListLink":true,"Order":"3","OptanonGroupId":"C0003","Parent":"","ShowSubgroup":true,"ShowSubGroupDescription":true,"ShowSubgroupToggle":false,"GroupDescription":"These cookies enable the website to provide enhanced functionality and personalisation. They may be set by us or by third party providers whose services we have added to our pages. If you do not allow these cookies then some or all of these services may not function properly.","GroupDescriptionOTT":"These cookies enable the website to provide enhanced functionality and personalisation. They may be set by us or by third party providers whose services we have added to our pages. If you do not allow these cookies then some or all of these services may not function properly.","GroupNameMobile":"Functional Cookies","GroupNameOTT":"Functional Cookies","GroupName":"Functional Cookies","IsIabPurpose":false,"GeneralVendorsIds":[],"FirstPartyCookies":[{"id":"607750e6-3e17-4149-9ca6-d0152097666a","Name":"ABCDEFGHIJKLMNOPQRSTUVWXYZabcdefghijklmnopqrstuvwxyz0123456789+/","Host":"wearwellow.com","IsSession":true,"Length":"0","description":"ABCDEFGHIJKLMNOPQRSTUVWXYZabcdefghijklmnopqrstuvwxyz0123456789+/","DurationType":1,"category":null,"isThirdParty":false},{"id":"c5012f54-96ba-4c40-9964-75212e60954b","Name":"localization","Host":"wearwellow.com","IsSession":false,"Length":"365","description":"These cookies are set on pages with the Flickr widget.\n","DurationType":1,"category":null,"isThirdParty":false},{"id":"87d32315-6ac7-4982-91f5-05ca241ade97","Name":"_sp_id.xxxx","Host":"wearwellow.com","IsSession":false,"Length":"729","description":"simplybusiness.co.uk","DurationType":1,"category":null,"isThirdParty":false},{"id":"7f15e2d2-76dc-43aa-acb3-1eed0dd9b353","Name":"_sp_ses.xxxx","Host":"wearwellow.com","IsSession":false,"Length":"0","description":"simplybusiness.co.uk","DurationType":1,"category":null,"isThirdParty":false},{"id":"fd0b4545-516f-4d8c-8302-a0a1a8c59eef","Name":"__stripe_sid","Host":"returns.wearwellow.com","IsSession":false,"Length":"0","description":"Stripe is used to making credit card payments. Stripe uses a cookie to remember who you are and to enable the website to process payments without storing any credit card information on its own servers.","DurationType":1,"category":null,"isThirdParty":false},{"id":"2216b4b7-0504-4402-bb19-76d4ffdd6fec","Name":"__stripe_mid","Host":"returns.wearwellow.com","IsSession":false,"Length":"364","description":"Stripe is used to making credit card payments. Stripe uses a cookie to remember who you are and to enable the website to process payments without storing any credit card information on its own servers.","DurationType":1,"category":null,"isThirdParty":false}],"Hosts":[{"HostName":"staticw2.yotpo.com","DisplayName":"staticw2.yotpo.com","HostId":"H1","Description":"","PrivacyPolicy":"","Cookies":[{"id":"665b7a35-ea6b-4e10-b6ae-675b37cea9da","Name":"_sp_ses.xxxx","Host":"staticw2.yotpo.com","IsSession":false,"Length":"0","description":"simplybusiness.co.uk","DurationType":1,"category":null,"isThirdParty":false},{"id":"9e8bd215-dab7-4328-8820-997dd5a1b5f2","Name":"_sp_id.xxxx","Host":"staticw2.yotpo.com","IsSession":false,"Length":"729","description":"simplybusiness.co.uk","DurationType":1,"category":null,"isThirdParty":false}]},{"HostName":"yotpo.com","DisplayName":"yotpo.com","HostId":"H12","Description":"","PrivacyPolicy":"","Cookies":[{"id":"0ee1c922-d0a7-4159-b85c-34bc292afb97","Name":"pixel","Host":"yotpo.com","IsSession":false,"Length":"364","description":"","DurationType":1,"category":null,"isThirdParty":false}]}],"PurposeId":"0AF78F4E-AFFC-4F68-856E-96409F6D214A","CustomGroupId":"C0003","GroupId":"f2607793-3e24-4673-9889-439da04464f7","Status":"inactive","IsDntEnabled":false,"Type":"COOKIE","DescriptionLegal":"","IabIllustrations":[],"HasLegIntOptOut":false,"HasConsentOptOut":true,"IsGpcEnabled":false,"VendorServices":null,"TrackingTech":null},{"ShowInPopup":true,"ShowInPopupNonIAB":true,"ShowSDKListLink":true,"Order":"4","OptanonGroupId":"C0004","Parent":"","ShowSubgroup":true,"ShowSubGroupDescription":true,"ShowSubgroupToggle":false,"GroupDescription":"These cookies may be set through our site by our advertising partners. They may be used by those companies to build a profile of your interests and show you relevant adverts on other sites. They do not store directly personal information, but are based on uniquely identifying your browser and internet device. If you do not allow these cookies, you will experience less targeted advertising.","GroupDescriptionOTT":"These cookies may be set through our site by our advertising partners. They may be used by those companies to build a profile of your interests and show you relevant adverts on other sites. They do not store directly personal information, but are based on uniquely identifying your browser and internet device. If you do not allow these cookies, you will experience less targeted advertising.","GroupNameMobile":"Targeting Cookies","GroupNameOTT":"Targeting Cookies","GroupName":"Targeting Cookies","IsIabPurpose":false,"GeneralVendorsIds":[],"FirstPartyCookies":[],"Hosts":[{"HostName":"pro-market.net","DisplayName":"pro-market.net","HostId":"H2","Description":"","PrivacyPolicy":"","Cookies":[{"id":"d96b672b-a680-413a-a645-cb4504b22e44","Name":"anProfile","Host":"pro-market.net","IsSession":false,"Length":"179","description":"This domain is owned by Datonics, a USA based data broker selling data for online advertising segmentation.","DurationType":1,"category":null,"isThirdParty":false}]},{"HostName":"google.com","DisplayName":"google.com","HostId":"H9","Description":"","PrivacyPolicy":"","Cookies":[{"id":"2926ded1-3c38-4050-b83a-28e5984351fa","Name":"CONSENT","Host":"google.com","IsSession":false,"Length":"729","description":"This domain is owned by Google Inc. Although Google is primarily known as a search engine, the company provides a diverse range of products and services. Its main source of revenue however is advertising. Google tracks users extensively both through its own products and sites, and the numerous technologies embedded into many millions of websites around the world. It uses the data gathered from most of these services to profile the interests of web users and sell advertising space to organisations based on such interest profiles as well as aligning adverts to the content on the pages where its customer's adverts appear.","DurationType":1,"category":null,"isThirdParty":false}]}],"PurposeId":"8DF0540C-3861-4E40-8475-27C49A7A6BF9","CustomGroupId":"C0004","GroupId":"cc3108eb-d69c-4b94-a434-3df92d00e8d7","Status":"inactive","IsDntEnabled":true,"Type":"COOKIE","DescriptionLegal":"","IabIllustrations":[],"HasLegIntOptOut":false,"HasConsentOptOut":true,"IsGpcEnabled":true,"VendorServices":null,"TrackingTech":null},{"ShowInPopup":true,"ShowInPopupNonIAB":true,"ShowSDKListLink":true,"Order":"5","OptanonGroupId":"C0001","Parent":"","ShowSubgroup":true,"ShowSubGroupDescription":true,"ShowSubgroupToggle":false,"GroupDescription":"These cookies are necessary for the website to function and cannot be switched off in our systems. They are usually only set in response to actions made by you which amount to a request for services, such as setting your privacy preferences, logging in or filling in forms. You can set your browser to block or alert you about these cookies, but some parts of the site will not then work. These cookies do not store any personally identifiable information.","GroupDescriptionOTT":"These cookies are necessary for the website to function and cannot be switched off in our systems. They are usually only set in response to actions made by you which amount to a request for services, such as setting your privacy preferences, logging in or filling in forms. You can set your browser to block or alert you about these cookies, but some parts of the site will not then work. These cookies do not store any personally identifiable information.","GroupNameMobile":"Strictly Necessary Cookies","GroupNameOTT":"Strictly Necessary Cookies","GroupName":"Strictly Necessary Cookies","IsIabPurpose":false,"GeneralVendorsIds":[],"FirstPartyCookies":[{"id":"d7e8f078-8a90-4a5a-ab32-547777b95dc9","Name":"OptanonAlertBoxClosed","Host":".wearwellow.com","IsSession":false,"Length":"365","description":"This cookie is set by websites using certain versions of the cookie law compliance solution from OneTrust.  It is set after visitors have seen a cookie information notice and in some cases only when they actively close the notice down.  It enables the website not to show the message more than once to a user.  The cookie has a one year lifespan and contains no personal information.","DurationType":1,"category":null,"isThirdParty":false},{"id":"de6dd054-3e73-492c-9fc8-34aa1bf16b79","Name":"vanity_in_cookie","Host":"wearwellow.com","IsSession":true,"Length":"0","description":"","DurationType":1,"category":null,"isThirdParty":false},{"id":"4878be2d-8777-4af1-8df6-5ebe237fbc1e","Name":"_shopify_d","Host":"wearwellow.com","IsSession":true,"Length":"0","description":"","DurationType":1,"category":null,"isThirdParty":false},{"id":"d1d8242a-21e9-4782-bd30-58f0deb1a601","Name":"timeBoundTimeExpired","Host":"wearwellow.com","IsSession":true,"Length":"0","description":"","DurationType":1,"category":null,"isThirdParty":false},{"id":"1df05712-2366-4037-bbca-897c44b3161d","Name":"cart_currency","Host":"wearwellow.com","IsSession":false,"Length":"13","description":"","DurationType":1,"category":null,"isThirdParty":false},{"id":"75c034ba-dd44-4fd5-b1a4-400a56efc1d6","Name":"_secure_session_id","Host":"wearwellow.com","IsSession":false,"Length":"0","description":"This cookie is generally provided by Shopify and is used in connection with navigation through a storefront.\n","DurationType":1,"category":null,"isThirdParty":false},{"id":"78e3e4f6-391d-44e6-b94d-a77d44181c5a","Name":"OptanonConsent","Host":".wearwellow.com","IsSession":false,"Length":"365","description":"This cookie is set by the cookie compliance solution from OneTrust. It stores information about the categories of cookies the site uses and whether visitors have given or withdrawn consent for the use of each category. This enables site owners to prevent cookies in each category from being set in the users browser, when consent is not given. The cookie has a normal lifespan of one year, so that returning visitors to the site will have their preferences remembered. It contains no information that can identify the site visitor.","DurationType":1,"category":null,"isThirdParty":false},{"id":"de338d3e-8116-4dbf-a073-8abc0550aca1","Name":"_tracking_consent","Host":"wearwellow.com","IsSession":false,"Length":"364","description":"","DurationType":1,"category":null,"isThirdParty":false},{"id":"edf78648-c9d8-465a-bd1f-69d2d8cf1662","Name":"dd_cookie_test_","Host":"returns.wearwellow.com","IsSession":false,"Length":"0","description":"dd_cookie_test","DurationType":1,"category":null,"isThirdParty":false},{"id":"b7130623-082c-490b-bae8-63afdf017c61","Name":"_dd_s","Host":"returns.wearwellow.com","IsSession":false,"Length":"0","description":"","DurationType":1,"category":null,"isThirdParty":false},{"id":"7354f176-cc8b-4a28-8423-609cffc83363","Name":"currentPromotion","Host":"wearwellow.com","IsSession":true,"Length":"0","description":"","DurationType":1,"category":null,"isThirdParty":false},{"id":"71ed9244-b256-4ac5-8c96-4e5fd7788778","Name":"shopify_pay_redirect","Host":"wearwellow.com","IsSession":false,"Length":"0","description":"","DurationType":1,"category":null,"isThirdParty":false},{"id":"f1da7aea-5249-4896-a551-ec27122a55da","Name":"keep_alive","Host":"wearwellow.com","IsSession":false,"Length":"0","description":"","DurationType":1,"category":null,"isThirdParty":false},{"id":"b1118f5a-0e9d-455e-b95e-581541dc39c9","Name":"yotpo_pixel","Host":"wearwellow.com","IsSession":false,"Length":"0","description":"","DurationType":1,"category":null,"isThirdParty":false},{"id":"327f6c7d-d3df-48db-b013-dec836c9a7dd","Name":"cookietest","Host":"wearwellow.com","IsSession":true,"Length":"0","description":"Common cookie name could have a number of different origins.  Where this is first party and a session cookie, its most likely to do with checking to see if the browser is set to block or allow cookies.Common cookie name could have a number of different origins.  Where this is first party and a session cookie, its most likely to do with checking to see if the browser is set to block or allow cookies.","DurationType":1,"category":null,"isThirdParty":false},{"id":"2ce7ff03-8a52-4724-82fc-4b77cac4daed","Name":"_cmp_a","Host":"wearwellow.com","IsSession":false,"Length":"0","description":"","DurationType":1,"category":null,"isThirdParty":false},{"id":"833bf9d9-2246-4699-9322-36b0db55c8bd","Name":"bounceClientVisitxxxxx","Host":"wearwellow.com","IsSession":false,"Length":"0","description":"","DurationType":1,"category":null,"isThirdParty":false},{"id":"e15b5ca5-4a35-42e6-9b3f-dd3cbef2ab22","Name":"secure_customer_sig","Host":"wearwellow.com","IsSession":false,"Length":"365","description":"This cookie is generally provided by Shopify and is used in connection with a customer login.\n","DurationType":1,"category":null,"isThirdParty":false}],"Hosts":[{"HostName":"pay.shopify.com","DisplayName":"pay.shopify.com","HostId":"H5","Description":"","PrivacyPolicy":"","Cookies":[{"id":"b37a4465-47b0-40ce-b466-003d2d99d8d8","Name":"_pay_session","Host":"pay.shopify.com","IsSession":true,"Length":"0","description":"","DurationType":1,"category":null,"isThirdParty":false}]},{"HostName":"code.jquery.com","DisplayName":"code.jquery.com","HostId":"H6","Description":"","PrivacyPolicy":"","Cookies":[{"id":"a9557430-49bc-44e7-ae32-97bae53efe1f","Name":"vu_acm","Host":"code.jquery.com","IsSession":false,"Length":"0","description":"","DurationType":1,"category":null,"isThirdParty":false},{"id":"760f284d-d1ba-40b9-80d9-c72de6d39b9e","Name":"vu_cc","Host":"code.jquery.com","IsSession":false,"Length":"0","description":"","DurationType":1,"category":null,"isThirdParty":false},{"id":"4b3bdab0-925f-411b-85cb-a9eab7affd95","Name":"vu_dt","Host":"code.jquery.com","IsSession":false,"Length":"0","description":"","DurationType":1,"category":null,"isThirdParty":false},{"id":"550a922a-9e85-499a-9d58-67c06d5f874b","Name":"vu_cr","Host":"code.jquery.com","IsSession":false,"Length":"0","description":"","DurationType":1,"category":null,"isThirdParty":false},{"id":"1421b6e3-5f94-4b98-ac3d-700f609a708b","Name":"currentPromotion","Host":"code.jquery.com","IsSession":true,"Length":"0","description":"","DurationType":1,"category":null,"isThirdParty":false},{"id":"033cdcae-c4b5-4a74-af09-d572ccb9ecdf","Name":"vu_init","Host":"code.jquery.com","IsSession":false,"Length":"0","description":"","DurationType":1,"category":null,"isThirdParty":false},{"id":"64ed0e9c-ce69-46bd-b756-efb168a8919d","Name":"vu_dis","Host":"code.jquery.com","IsSession":false,"Length":"0","description":"","DurationType":1,"category":null,"isThirdParty":false},{"id":"0a050f02-2098-436b-b04c-d384d7cf192a","Name":"vu_temp","Host":"code.jquery.com","IsSession":false,"Length":"0","description":"","DurationType":1,"category":null,"isThirdParty":false},{"id":"020052e1-eb7a-484a-b13d-6af308247510","Name":"vu_tb","Host":"code.jquery.com","IsSession":false,"Length":"0","description":"","DurationType":1,"category":null,"isThirdParty":false},{"id":"a336410e-0cf4-4122-a76c-2ac6314e21de","Name":"vu_splm","Host":"code.jquery.com","IsSession":false,"Length":"0","description":"","DurationType":1,"category":null,"isThirdParty":false},{"id":"8723f4c2-ede6-4be0-b888-b55ffe5731f9","Name":"vu_ul","Host":"code.jquery.com","IsSession":false,"Length":"0","description":"","DurationType":1,"category":null,"isThirdParty":false},{"id":"248e7414-c943-4c68-bbcb-3c1817ad6c1f","Name":"vu_ctm","Host":"code.jquery.com","IsSession":false,"Length":"0","description":"","DurationType":1,"category":null,"isThirdParty":false},{"id":"edfa3378-1186-4feb-9a8d-81f29ae2503d","Name":"vu_tl","Host":"code.jquery.com","IsSession":false,"Length":"0","description":"","DurationType":1,"category":null,"isThirdParty":false},{"id":"23b602d8-f4f0-4e49-a863-94d598308d10","Name":"vu_gif","Host":"code.jquery.com","IsSession":false,"Length":"0","description":"","DurationType":1,"category":null,"isThirdParty":false},{"id":"9ed1e76a-0c87-4146-933b-3a3606f1aeaa","Name":"vu_gt","Host":"code.jquery.com","IsSession":false,"Length":"0","description":"","DurationType":1,"category":null,"isThirdParty":false},{"id":"605d415f-8662-441c-8dc7-1ee895be1f4d","Name":"vu_col","Host":"code.jquery.com","IsSession":false,"Length":"0","description":"","DurationType":1,"category":null,"isThirdParty":false},{"id":"8bb37b4e-0608-49c6-9193-46827c1e62f2","Name":"vu_ab_cntrl","Host":"code.jquery.com","IsSession":false,"Length":"0","description":"","DurationType":1,"category":null,"isThirdParty":false},{"id":"e2df9b7f-d6ba-46ba-9411-8c4a591d5a88","Name":"vu_atemp","Host":"code.jquery.com","IsSession":false,"Length":"0","description":"","DurationType":1,"category":null,"isThirdParty":false},{"id":"f6623b79-d311-4324-8528-9e031ee7c13d","Name":"vu_up2","Host":"code.jquery.com","IsSession":false,"Length":"0","description":"","DurationType":1,"category":null,"isThirdParty":false},{"id":"94e1fd70-e36d-43f6-8924-83b544c3cc79","Name":"vu_st","Host":"code.jquery.com","IsSession":false,"Length":"0","description":"","DurationType":1,"category":null,"isThirdParty":false},{"id":"903a7773-9004-4727-b22b-562d598b9a05","Name":"vu_pdp","Host":"code.jquery.com","IsSession":false,"Length":"0","description":"","DurationType":1,"category":null,"isThirdParty":false},{"id":"fc9f5393-c705-4bf8-84f4-f75f975dede0","Name":"vu_ac","Host":"code.jquery.com","IsSession":false,"Length":"0","description":"","DurationType":1,"category":null,"isThirdParty":false},{"id":"12452a0a-d1df-4027-9831-c53a7827d7bc","Name":"vu_uc","Host":"code.jquery.com","IsSession":false,"Length":"0","description":"","DurationType":1,"category":null,"isThirdParty":false},{"id":"f099de61-1724-4be4-9e48-aee17eee918f","Name":"vu_mp","Host":"code.jquery.com","IsSession":false,"Length":"0","description":"","DurationType":1,"category":null,"isThirdParty":false},{"id":"bbbd3a0e-028b-45cb-a4ad-2b23e5ae51d3","Name":"vanity_in_cookie","Host":"code.jquery.com","IsSession":true,"Length":"0","description":"","DurationType":1,"category":null,"isThirdParty":false},{"id":"6353712f-958b-4eb0-8ca3-7e6c583b7a71","Name":"vu_nx","Host":"code.jquery.com","IsSession":false,"Length":"0","description":"","DurationType":1,"category":null,"isThirdParty":false},{"id":"19e3655b-f6c2-43d2-8eaf-e42f3b0b4f02","Name":"vu_exp","Host":"code.jquery.com","IsSession":false,"Length":"0","description":"","DurationType":1,"category":null,"isThirdParty":false}]},{"HostName":"cdn.shopify.com","DisplayName":"cdn.shopify.com","HostId":"H8","Description":"","PrivacyPolicy":"","Cookies":[{"id":"f82cbf88-cefe-4e7d-95d7-3c009e436fbb","Name":"cookietest","Host":"cdn.shopify.com","IsSession":true,"Length":"0","description":"Common cookie name could have a number of different origins.  Where this is first party and a session cookie, its most likely to do with checking to see if the browser is set to block or allow cookies.","DurationType":1,"category":null,"isThirdParty":false}]},{"HostName":"shop.app","DisplayName":"shop.app","HostId":"H13","Description":"","PrivacyPolicy":"","Cookies":[{"id":"04a8ce38-4244-41c3-9a84-504f04043472","Name":"_pay_session","Host":"shop.app","IsSession":true,"Length":"0","description":"","DurationType":1,"category":null,"isThirdParty":false}]}],"PurposeId":"A37B71CC-D1D5-48CB-B970-C570F602A752","CustomGroupId":"C0001","GroupId":"cf7b32c1-96e4-4482-ac1e-2342c44e88d0","Status":"always active","IsDntEnabled":false,"Type":"COOKIE","DescriptionLegal":"","IabIllustrations":[],"HasLegIntOptOut":false,"HasConsentOptOut":true,"IsGpcEnabled":false,"VendorServices":null,"TrackingTech":null},{"ShowInPopup":true,"ShowInPopupNonIAB":true,"ShowSDKListLink":true,"Order":"6","OptanonGroupId":"C0007","Parent":"","ShowSubgroup":true,"ShowSubGroupDescription":true,"ShowSubgroupToggle":false,"GroupDescription":"These cookies may be set through our site by our advertising partners. They may be used by those companies to build a profile of your interests and show you relevant adverts on other sites. They do not store directly personal information, but are based on uniquely identifying your browser and internet device. If you do not allow these cookies, you will experience less targeted advertising.","GroupDescriptionOTT":"These cookies may be set through our site by our advertising partners. They may be used by those companies to build a profile of your interests and show you relevant adverts on other sites. They do not store directly personal information, but are based on uniquely identifying your browser and internet device. If you do not allow these cookies, you will experience less targeted advertising.","GroupNameMobile":"Marketing Personalization","GroupNameOTT":"Marketing Personalization","GroupName":"Marketing Personalization","IsIabPurpose":false,"GeneralVendorsIds":[],"FirstPartyCookies":[],"Hosts":[],"PurposeId":"11FD922E-1AFE-43D7-9507-1F81EF170687","CustomGroupId":"C0007","GroupId":"57a797ce-2f37-4aa2-b87d-f4d2a8211fb8","Status":"inactive","IsDntEnabled":false,"Type":"COOKIE","DescriptionLegal":"","IabIllustrations":[],"HasLegIntOptOut":false,"HasConsentOptOut":true,"IsGpcEnabled":false,"VendorServices":null,"TrackingTech":null},{"ShowInPopup":true,"ShowInPopupNonIAB":true,"ShowSDKListLink":true,"Order":"7","OptanonGroupId":"C0008","Parent":"","ShowSubgroup":true,"ShowSubGroupDescription":true,"ShowSubgroupToggle":false,"GroupDescription":"We use analytics technologies to improve the quality of our website and its content, and to ensure that our partners’ embedded services work properly.","GroupDescriptionOTT":"We use analytics technologies to improve the quality of our website and its content, and to ensure that our partners’ embedded services work properly.","GroupNameMobile":"Third Party Tracking Cookies","GroupNameOTT":"Third Party Tracking Cookies","GroupName":"Third Party Tracking Cookies","IsIabPurpose":false,"GeneralVendorsIds":[],"FirstPartyCookies":[{"id":"6e6cb8f5-8c4a-43ba-9b09-c9d90d0c7719","Name":"tkbl_cvuuid","Host":"wearwellow.com","IsSession":false,"Length":"7299","description":"","DurationType":1,"category":null,"isThirdParty":false}],"Hosts":[{"HostName":"m.stripe.com","DisplayName":"m.stripe.com","HostId":"H3","Description":"","PrivacyPolicy":"","Cookies":[{"id":"ef66c3b3-ff5b-45a6-aec1-268e652b4d91","Name":"m","Host":"m.stripe.com","IsSession":false,"Length":"729","description":"","DurationType":1,"category":null,"isThirdParty":false}]},{"HostName":"gleam.io","DisplayName":"gleam.io","HostId":"H10","Description":"","PrivacyPolicy":"","Cookies":[{"id":"c9dac998-68ad-426e-a565-ee612255044e","Name":"_app_session","Host":"gleam.io","IsSession":false,"Length":"27","description":"","DurationType":1,"category":null,"isThirdParty":false},{"id":"b1eda4a0-ed03-46b7-ac04-348d2fbed1b1","Name":"PP-xxxxx","Host":"gleam.io","IsSession":false,"Length":"0","description":"","DurationType":1,"category":null,"isThirdParty":false},{"id":"b299691a-1d6b-412f-b305-07687e2dd9d6","Name":"XSRF-TOKEN","Host":"gleam.io","IsSession":true,"Length":"0","description":"This cookie is written to help with site security in preventing Cross-Site Request Forgery attacks.","DurationType":1,"category":null,"isThirdParty":false},{"id":"85adbcdb-287a-4884-8725-1b65b1303b33","Name":"owner_token","Host":"gleam.io","IsSession":false,"Length":"0","description":"","DurationType":1,"category":null,"isThirdParty":false},{"id":"ad0675e9-8efd-4889-b933-08a82de87ff8","Name":"RL-9jXrb","Host":"gleam.io","IsSession":false,"Length":"0","description":"","DurationType":1,"category":null,"isThirdParty":false},{"id":"7f22fd4f-08b0-4582-8111-e486ca7ccefc","Name":"__cf_bm","Host":"gleam.io","IsSession":false,"Length":"0","description":"This is a CloudFoundry cookie","DurationType":1,"category":null,"isThirdParty":false},{"id":"3b45b6cc-1f8f-4a6b-be0d-a7ed7046fb47","Name":"L-9jXrb","Host":"gleam.io","IsSession":false,"Length":"0","description":"","DurationType":1,"category":null,"isThirdParty":false},{"id":"d576830a-4670-4d8b-926a-2b89013c167d","Name":"_gfpc","Host":"gleam.io","IsSession":true,"Length":"0","description":"","DurationType":1,"category":null,"isThirdParty":false}]},{"HostName":"d1nnh0c8uc313v.cloudfront.net","DisplayName":"d1nnh0c8uc313v.cloudfront.net","HostId":"H11","Description":"","PrivacyPolicy":"","Cookies":[{"id":"bce1f005-3e7d-4eb4-8609-d2d396e3f0c3","Name":"dd_cookie_test_","Host":"d1nnh0c8uc313v.cloudfront.net","IsSession":false,"Length":"0","description":"dd_cookie_test","DurationType":1,"category":null,"isThirdParty":false},{"id":"d5ccfb5c-9cd9-4242-be1e-d352242d0e79","Name":"_dd_s","Host":"d1nnh0c8uc313v.cloudfront.net","IsSession":false,"Length":"0","description":"","DurationType":1,"category":null,"isThirdParty":false}]},{"HostName":"api.bounceexchange.com","DisplayName":"api.bounceexchange.com","HostId":"H14","Description":"","PrivacyPolicy":"","Cookies":[{"id":"eb092063-5b5d-4a81-a6b2-c4a70d9cd6d3","Name":"bounceClientVisitxxxxx","Host":"api.bounceexchange.com","IsSession":false,"Length":"0","description":"","DurationType":1,"category":null,"isThirdParty":false},{"id":"2332b567-46cd-4013-8735-edd1bb28322b","Name":"dgzsdl08v4","Host":"api.bounceexchange.com","IsSession":false,"Length":"0","description":"","DurationType":1,"category":null,"isThirdParty":false}]}],"PurposeId":"64502A72-9D72-42BE-B13C-0187287CCF39","CustomGroupId":"C0008","GroupId":"84f49715-49bf-4e39-a919-9769087c8ee8","Status":"inactive","IsDntEnabled":false,"Type":"COOKIE","DescriptionLegal":"","IabIllustrations":[],"HasLegIntOptOut":false,"HasConsentOptOut":true,"IsGpcEnabled":false,"VendorServices":null,"TrackingTech":null}],"Language":{"Culture":"en"},"ShowPreferenceCenterCloseButton":true,"CustomJs":"","LifespanTypeText":"Session","LifespanDurationText":"","CloseText":"Close","BannerCloseButtonText":"Close","AddLinksToCookiepedia":false,"showBannerCloseButton":true,"AlertLayout":"bottom","ShowAlertNotice":true,"IsConsentLoggingEnabled":false,"IsIabEnabled":false,"IsIabThirdPartyCookieEnabled":false,"ScrollCloseBanner":false,"OnClickCloseBanner":false,"NextPageCloseBanner":false,"AcceptAllCookies":false,"ConsentModel":"opt-in","VendorConsentModel":"opt-out","Vendors":[],"OverriddenVendors":{},"OverridenGoogleVendors":null,"publisher":{"restrictions":{}},"ScrollAcceptAllCookies":false,"OnClickAcceptAllCookies":false,"NextPageAcceptAllCookies":false,"Flat":true,"FloatingFlat":false,"FloatingRoundedCorner":false,"FloatingRoundedIcon":false,"FloatingRounded":false,"CenterRounded":false,"Center":true,"Panel":false,"Popup":false,"List":false,"Tab":false,"ChoicesBanner":false,"NoBanner":false,"BannerIABPartnersLink":"","BannerPurposeTitle":"","BannerPurposeDescription":"","BannerFeatureTitle":"","BannerFeatureDescription":"","BannerInformationTitle":"","BannerInformationDescription":"","BannerShowRejectAllButton":true,"BannerRejectAllButtonText":"I Decline","PCenterShowRejectAllButton":false,"PCenterRejectAllButtonText":"","BannerSettingsButtonDisplayLink":true,"BannerDPDTitle":null,"BannerDPDDescription":null,"BannerDPDDescriptionFormat":null,"PCFirstPartyCookieListText":"First Party Cookies","PCViewCookiesText":"View Cookies","PCenterBackText":"Back","PCenterVendorsListText":"Vendors List","PCenterViewPrivacyPolicyText":"View Privacy Policy","PCenterClearFiltersText":"Clear Filters","PCenterApplyFiltersText":"Apply","PCenterAllowAllConsentText":"Allow All Consent","PCenterCookiesListText":"Cookie List","PCenterCancelFiltersText":"Cancel","PCenterEnableAccordion":false,"IabType":"","AdvancedAnalyticsCategory":"","PCGrpDescType":null,"PCGrpDescLinkPosition":null,"PCVendorFullLegalText":null,"LegIntSettings":null,"PCAccordionStyle":"Plusminus","PCShowConsentLabels":false,"PCActiveText":"Active","PCInactiveText":"Inactive","BannerAdditionalDescription":"","BannerAdditionalDescPlacement":"AfterDescription","PCenterSelectAllVendorsText":"Select All Vendors","PCenterFilterText":"Filter","ReconsentFrequencyDays":365,"UseGoogleVendors":false,"PCIABVendorsText":"IAB Vendors","PCIllusText":"Illustrations","PCGoogleVendorsText":"Google Vendors","PCTemplateUpgrade":true,"PCShowPersistentCookiesHoverButton":true,"PCenterDynamicRenderingEnable":false,"GlobalRestrictionEnabled":false,"GlobalRestrictions":{},"PCenterUseGeneralVendorsToggle":false,"PCenterGeneralVendorsText":"Other Vendors","PCenterAllowVendorOptout":true,"PCenterGeneralVendorThirdPartyCookiesText":"View Vendor Details","GeneralVendors":[],"BannerNonIABVendorListText":"","PCenterVendorListLifespan":"Lifespan","PCenterVendorListDisclosure":"Device Storage Disclosure","PCenterVendorListNonCookieUsage":"This vendor utilizes other methods of storage or accessing information in addition to cookies.","PCenterVendorListDescText":"","PCenterVendorListStorageIdentifier":"Identifier","PCenterVendorListStorageType":"Type","PCenterVendorListStoragePurposes":"Purposes","PCenterVendorListStorageDomain":"Domain","PCVLSDomainsUsed":"Domains Used","PCVLSUse":"Use","PCenterVendorListLifespanDay":"Day","PCenterVendorListLifespanDays":"Days","PCenterVendorListLifespanMonth":"Month","PCenterVendorListLifespanMonths":"Months","PCLifeSpanYr":"Year","PCLifeSpanYrs":"Years","PCLifeSpanSecs":"A few seconds","PCLifeSpanWk":"Week","PCLifeSpanWks":"Weeks","PCCookiePolicyText":"View Privacy Policy","BShowSaveBtn":true,"BSaveBtnText":"Save Choices","CookieFirstPartyText":"First Party","CookieThirdPartyText":"Third Party","PCCookiePolicyLinkScreenReader":"More information about your privacy, opens in a new tab","PCLogoScreenReader":"Company Logo","BnrLogoAria":"Company Logo","PublisherCC":"US","BCloseButtonType":"Icon","BContinueText":"Continue without Accepting","PCCloseButtonType":"Icon","PCContinueText":"Continue without Accepting","BannerFocus":true,"BRejectConsentType":"ObjectToLI","BannerRelativeFontSizesToggle":false,"PCAllowToggleLbl":"Allow","GCEnable":false,"GCAnalyticsStorage":"C0002","GCAdStorage":"C0004","GCAdUserData":"C0004","GCAdPersonalization":"C0004","GCRedactEnable":false,"GCWaitTime":0,"GCFunctionalityStorage":"DNAC","GCPersonalizationStorage":"DNAC","GCSecurityStorage":"DNAC","PCGeneralVendorsPolicyText":"View Privacy Policy","PCIABVendorLegIntClaimText":"View Legitimate Interest Claim","PCOpensCookiesDetailsAlert":"Cookie Details button opens Cookie List menu","PCOpensVendorDetailsAlert":"IAB Vendor Details button opens Vendor List menu","AriaOpenPreferences":"Open Preferences","AriaClosePreferences":"Close Preferences","AriaPrivacy":"Privacy","AriaDescribedBy":"Processing is required, choice is always enabled.","BCookiePolicyLinkScreenReader":"More information about your privacy, opens in a new tab","BNoCursorFocus":false,"BShowPolicyLink":false,"PCenterVendorListSearch":"Search…","PCenterCookieListSearch":"Search…","PCenterLegitInterestText":"Legitimate Interest","PCenterLegIntColumnHeader":"Legitimate Interest","PCenterConsentText":"Consent","PCenterVendorListFilterAria":"Filter Icon","PCenterCookieListFilterAria":"Filter Icon","BInitialFocus":true,"BInitialFocusLinkAndButton":false,"NewVendorsInactiveEnabled":false,"PCenterFilterAppliedAria":"Applied","PCenterFilterClearedAria":"Filters Cleared","PCenterVendorListScreenReader":"Vendor Details button opens Vendor List menu","PCenterCookieSearchAriaLabel":"Cookie list search","PCenterVendorSearchAriaLabel":"Vendor list search","PCenterVendorListTitle":null,"PCenterVendorListLinkText":"","PCenterVendorListLinkAriaLabel":"","IsShowAlwaysActiveText":true,"PCenterUserIdTitleText":"","PCenterUserIdDescriptionText":"","PCenterUserIdTimestampTitleText":"","PCenterUserIdNotYetConsentedText":"","BImprintLinkScreenReader":"Legal Information, opens in a new tab","BShowImprintLink":false,"PCenterImprintLinkScreenReader":"","PCenterImprintLinkText":"","PCenterImprintLinkUrl":"","PCCategoryStyle":"Toggle","PCVSEnable":false,"PCVSOptOut":false,"PCVSCategoryView":false,"PCVSExpandCategory":false,"PCVSExpandGroup":false,"PCVSListTitle":null,"PCVSNameText":null,"PCVSParentCompanyText":null,"PCVSAddressText":null,"PCVSDefaultCategoryText":null,"PCVSDefaultDescriptionText":null,"PCVSDPOEmailText":null,"PCVSDPOLinkText":null,"PCVSPrivacyPolicyLinkText":null,"PCVSCookiePolicyLinkText":null,"PCVSOptOutLinkText":null,"PCVSLegalBasisText":null,"PCVSAllowAllText":null,"BShowOptOutSignal":false,"BOptOutSignalText":"","PCShowOptOutSignal":false,"PCOptOutSignalText":"","PCHostNotFound":"did not match any Hosts","PCVendorNotFound":"did not match any Vendors","PCTechNotFound":"did not match any Technologies","PCTrackingTechTitle":"Technology List","PCTechDetailsText":"Technologies List","PCTechDetailsAriaLabel":"Technologies List button opens Tracking Tech list menu","PCShowTrackingTech":false,"PCCookiesLabel":"Cookies","PCLocalStorageLabel":"Local Storage[s]","PCSessionStorageLabel":"Session Storage[s]","PCLocalStorageDurationText":"Permanent","PCSessionStorageDurationText":"Session","BRegionAriaLabel":"Cookie banner","PCRegionAriaLabel":"Preference center","IsGPPEnabled":false,"IsGPPKnownChildApplicable":false,"IsGPPDataProcessingApplicable":false,"GPPPurposes":{"SaleOptOutCID":"","SharingOptOutCID":"","PersonalDataCID":"","KnownChildSellPICID":"","KnownChildProcessCID":"","KnownChildSharePICID":"","SensitivePICID":"","TargetedAdvertisingOptOutCID":"","SensitiveSICID":"","GeolocationCID":"","RREPInfoCID":"","CommunicationCID":"","GeneticCID":"","BiometricCID":"","HealthCID":"","SexualOrientationCID":"","RaceCID":"","ReligionCID":"","ImmigrationCID":"","PDCAboveAgeCID":"","PDCBelowAgeCID":"","UnionMembershipCID":""},"IsMSPAEnabled":false,"MSPAOptionMode":"","UseGPPUSNational":false,"PCVListDataDeclarationText":"Data Declaration","PCVListDataRetentionText":"Data Retention","PCVListStdRetentionText":"Standard Retention","PCVendorsCountText":"[VENDOR_NUMBER] partners can use this purpose","PCVendorsCountFeatureText":"[VENDOR_NUMBER] partners can use this feature","PCVendorsCountSpcFeatureText":"[VENDOR_NUMBER] partners can use this special feature","PCVendorsCountSpcPurposeText":"[VENDOR_NUMBER] partners can use this special purpose","IABDataCategories":[],"IABGroupsPrefixData":null,"UseNonStandardStacks":false,"IsRequireSignatureEnabled":false,"RequireSignatureCID":"","PCRequireSignatureFieldLabel":"Email","PCRequireSignatureHeaderText":"Authorization Needed","PCRequireSignatureHeaderDesc":"Additional consent authorization is needed for the following reason:","PCRequireSignatureConfirmBtnText":"Confirm","PCRequireSignatureRejectBtnText":"Reject","PCRequireSignatureHelpText":"This field is required to consent to this category."},"CommonData":{"pcenterContinueWoAcceptLinkColor":"#696969","IabThirdPartyCookieUrl":"cookies.onetrust.mgr.consensu.org","OptanonHideAcceptButton":"","OptanonStyle":"modern","OptanonStaticContentLocation":"","BannerCustomCSS":"div#onetrust-button-group > button#onetrust-pc-btn-handler {\n    display: none;\n    opacity: 0;\n}\nwidth:50%;\nborder-radius: 25px;\n}\n#onetrust-banner-sdk #onetrust-button-group {\n    display: flex !important;\n}\ndiv#onetrust-button-group >  button {\n    max-width: 48% !important;\n    height: 40px !important;\n    border-radius: 20px;\n    width: auto !important;\n}\ndiv#onetrust-policy-text a#onetrust-pc-btn-handler {\n    background: transparent !important;\n    padding: 0;\n    display: inline;\n    margin: 0;\n}\ndiv#onetrust-policy h2#onetrust-policy-title {\n    color: #16325c !important;\n}\n#onetrust-banner-sdk #onetrust-button-group button#onetrust-reject-all-handler {\n    background: #fff;\n    color: #000;\n}\n#onetrust-banner-sdk #onetrust-button-group button#onetrust-reject-all-handler:hover {\n    background: #000;\n    color: #fff;\n}\n#onetrust-banner-sdk #onetrust-button-group {\n    display: flex !important;\n    flex-direction: row-reverse;\n    justify-content: flex-end;\n}\ndiv#onetrust-policy-text a {\n    font-size: .813em !important;\n}\n","PCCustomCSS":"","PcTextColor":"#696969","PcButtonColor":"#16325c","PcButtonTextColor":"#FFFFFF","PcBackgroundColor":"#ffffff","PcMenuColor":"#F4F4F4","PcMenuHighLightColor":"#FFFFFF","PcAccordionBackgroundColor":"#E9E9E9","PCenterExpandToViewText":"","PcEnableToggles":false,"PcLinksTextColor":"#3860BE","TextColor":"#696969","ButtonColor":"#16325c","BannerMPButtonColor":"#FFFFFF","BannerMPButtonTextColor":"#16325c","ButtonTextColor":"#FFFFFF","BackgroundColor":"#ffffff","BannerLinksTextColor":"#3860BE","BannerAccordionBackgroundColor":"#E9E9E9","CookiePersistentLogo":"https://cdn.cookielaw.org/logos/static/ot_persistent_cookie_icon.png","OptanonLogo":"https://cdn.cookielaw.org/logos/static/ot_company_logo.png","BnrLogo":"","OneTrustFooterLogo":"https://cdn.cookielaw.org/logos/static/powered_by_logo.svg","OptanonCookieDomain":"wearwellow.com","OptanonGroupIdPerformanceCookies":"C0002","OptanonGroupIdFunctionalityCookies":"C0003","OptanonGroupIdTargetingCookies":"C0004","OptanonGroupIdSocialCookies":"C0005","ShowSubGroupCookies":false,"LegacyBannerLayout":"default_flat_bottom_two_button_black","OptanonHideCookieSettingButton":"","UseRTL":false,"ShowBannerAcceptButton":true,"ShowBannerCookieSettings":true,"ShowCookieList":false,"PCShowCookieHost":true,"PCShowCookieDuration":true,"PCShowCookieType":true,"PCShowCookieCategory":true,"PCShowCookieDescription":true,"AllowHostOptOut":false,"CookieListTitleColor":"#696969","CookieListGroupNameColor":"#696969","CookieListTableHeaderColor":"#696969","CookieListTableHeaderBackgroundColor":"#F8F8F8","CookiesV2NewCookiePolicy":true,"CookieListPrimaryColor":"#696969","CookieListCustomCss":"","TTLGroupByTech":false,"TTLShowTechDesc":false,"ConsentIntegration":{"ConsentApi":null,"RequestInformation":null,"IdentifiedReceiptsAllowed":null,"DefaultIdentifier":null,"DefaultAnonymousIdentifier":null,"EnableJWTAuthForKnownUsers":null},"BConsentPurposesText":"Consent Purposes","BFeaturesText":"Features","BLegitimateInterestPurposesText":"Legitimate Interest Purposes","BSpecialFeaturesText":"Special Features","BSpecialPurposesText":"Special Purposes","BConsentText":"Consent","BLegitInterestText":"Legitimate Interest","IabLegalTextUrl":"https://tcf.cookiepedia.co.uk","PCCListName":"Name","PCCListHost":"Host","PCCListDuration":"Duration","PCCListType":"Type","PCCListCategory":"Category","PCCListDescription":"Description","PCDialogClose":"[`dialog closed`]","PcLegIntButtonColor":"#FFFFFF","PcLegIntButtonTextColor":"#78808E","BCategoryContainerColor":"#F9F9FC","BCategoryStyleColor":"#3860BE","BLineBreakColor":"#E9E9E9","BSaveBtnColor":"#346E4A","BCategoryStyle":"Checkbox","BAnimation":"Slide_In","BContinueColor":"#696969","PCContinueColor":"#696969","PCFooterLogoUrl":"https://www.onetrust.com/products/cookie-consent/","PCFooterCookieProLogoUrl":null,"BFocusBorderColor":"#000000","PCFocusBorderColor":"#000000","TemplateName":"Wellow UI Update","GeoRuleGroupName":"Wellow Global","GeoRuleName":"Global","OTCloseBtnLogo":"https://cdn.cookielaw.org/logos/static/ot_close.svg","OTExternalLinkLogo":"https://cdn.cookielaw.org/logos/static/ot_external_link.svg","OTGuardLogo":"https://cdn.cookielaw.org/logos/static/ot_guard_logo.svg"},"NtfyConfig":{"ShowNtfy":false,"NtfyDuration":5,"ShowCS":true,"CSType":"BUTTON","CSTxt":"Cookie Settings","Sync":{"Title":"Cookie Preferences","TitleAlign":"left","TitleColor":"#696969","Desc":"Syncing...","DescAlign":"left","DescColor":"#696969","BgColor":"#FFFFFF","BdrColor":"#FFFFFF","IconBgColor":"#1276CE","ShowClose":true,"CloseAria":"Close","ShowIcon":true},"Complete":{"Title":"Cookie Preferences","TitleAlign":"left","TitleColor":"#696969","Desc":"Synced","DescAlign":"left","DescColor":"#696969","BgColor":"#FFFFFF","BdrColor":"#FFFFFF","IconBgColor":"#6CC04A","ShowClose":true,"CloseAria":"Close","ShowIcon":true},"CSButton":{"Color":"#FFFFFF","BgColor":"#1276CE","BdrColor":"#1276CE","Align":"center"},"CSLink":{"Color":"#1276CE","Align":"center"}},"OTTData":null,"MobileData":null}